Kullanici Talebi,Zaman,Urun ID,Urun Adi,Fiyat,URL,Secim Gerekcesi
"100 dolar altında, iyi puanlı, hediyelik bir ürün öner",2026-08-12T11:19:58.042672+00:00,10124123537719,Gold-Plated Bow Tie Ribbon Handmade Ceramic Mug & Real Gold Plated Accents,52.0,https://alfiqcopper.com/products/handmade-bow-tie-ceramic-mug-real-hold-accents,
"100 dolar altında, iyi puanlı, hediyelik bir ürün öner",2026-08-12T11:19:58.042672+00:00,10124123210039,Handmade Ceramic Mug for Mothers Day with 24ct Gold Accents – Elegant Floral Design,42.0,https://alfiqcopper.com/products/handmade-ceramic-mothers-day-mug,
"100 dolar altında, iyi puanlı, hediyelik bir ürün öner",2026-08-12T11:19:58.042672+00:00,10124111348023,Handmade Hammered Copper Pet Bowl – Luxury Pet Dish with Engraved Bone Print Design,89.0,https://alfiqcopper.com/products/handcrafted-hammered-copper-cat-bowl-luxury-pet-dish-with-engraved-paw-print-design-copy,
"100 dolar altında, iyi puanlı, hediyelik bir ürün öner",2026-08-12T11:19:58.042672+00:00,10124100206903,Handcrafted Hammered Copper Cat Bowl – Luxury Pet Dish with Engraved Paw Print Design,89.0,https://alfiqcopper.com/products/handcrafted-copper-pet-bowl-luxury-pet-dish,
"100 dolar altında, iyi puanlı, hediyelik bir ürün öner",2026-08-12T11:19:58.042672+00:00,10125256261943,"Handmade Adjustable Solid Copper & Brass Cuff Bracelet, Color Mocha Mouse",49.0,https://alfiqcopper.com/products/handcrafted-braided-pure-copper-cuff-bracelet-with-brass-ends-copy,
"100 dolar altında, iyi puanlı, hediyelik bir ürün öner",2026-08-12T11:19:58.042672+00:00,9952315638071,Handcrafted Copper Oil Lamp and Candle Set of 2 | Handmade Solid Copper Lantern,139.0,https://alfiqcopper.com/products/handcrafted-copper-oil-lamp-and-candle-set-of-2-handmade-solid-copper-lantern-copy,
"100 dolar altında, iyi puanlı, hediyelik bir ürün öner",2026-08-12T11:19:58.042672+00:00,9669338300727,Handmade Matte Copper Pendant Light – Timeless Elegance in a Hand-Hammered Finish,189.0,https://alfiqcopper.com/products/handmade-matte-copper-pendant-light,
"100 dolar altında, iyi puanlı, hediyelik bir ürün öner",2026-08-12T11:19:58.042672+00:00,9942872031543,"Handmade Pure Copper Pumpkin Decor with Hanger | Decorative Housewarming Copper Ornaments 4"" x 4""",109.0,https://alfiqcopper.com/products/handmade-copper-pumpkin-decor-with-hanger-decorative-housewarming-copper-ornaments-4-x-4-copy,
"100 dolar altında, iyi puanlı, hediyelik bir ürün öner",2026-08-12T11:19:58.042672+00:00,9942873243959,"Handmade Dark Copper Pumpkin Decor with Hanger | Decorative Housewarming Copper Ornaments 4"" x 4""",109.0,https://alfiqcopper.com/products/handmade-copper-pumpkin-decor-with-hanger-decorative-housewarming-copper-ornaments-4-x-4-copy-1,
Bir spa işletmesi için 300 dolar bütçeyle 2 ürün öner,2026-08-12T11:20:41.963859+00:00,10124233769271,Handmade Solid Copper Wall Art With Verdigris Patina – Geometric Contrast Design,329.0,https://alfiqcopper.com/products/handmade-solid-copper-wall-art-with-verdigris-patina-geometric-contrast-design,in_stock
Bir spa işletmesi için 300 dolar bütçeyle 2 ürün öner,2026-08-12T11:20:41.963859+00:00,10124233539895,"Handmade Solid Copper Wall Art With Full Verdigris Patina, Color Ocean Blue",329.0,https://alfiqcopper.com/products/handmade-solid-copper-wall-art-with-verdigris-patina-ocean-blue,in_stock
"Türk kahvesi seven birine hediye arıyorum, stokta olsun",2026-08-12T11:22:25.207599+00:00,10124123537719,Gold-Plated Bow Tie Ribbon Handmade Ceramic Mug & Real Gold Plated Accents,52.0,https://alfiqcopper.com/products/handmade-bow-tie-ceramic-mug-real-hold-accents,
"Türk kahvesi seven birine hediye arıyorum, stokta olsun",2026-08-12T11:22:25.207599+00:00,10124123210039,Handmade Ceramic Mug for Mothers Day with 24ct Gold Accents – Elegant Floral Design,42.0,https://alfiqcopper.com/products/handmade-ceramic-mothers-day-mug,
"Türk kahvesi seven birine hediye arıyorum, stokta olsun",2026-08-12T11:22:25.207599+00:00,10124111348023,Handmade Hammered Copper Pet Bowl – Luxury Pet Dish with Engraved Bone Print Design,89.0,https://alfiqcopper.com/products/handcrafted-hammered-copper-cat-bowl-luxury-pet-dish-with-engraved-paw-print-design-copy,
"Türk kahvesi seven birine hediye arıyorum, stokta olsun",2026-08-12T11:22:25.207599+00:00,10124100206903,Handcrafted Hammered Copper Cat Bowl – Luxury Pet Dish with Engraved Paw Print Design,89.0,https://alfiqcopper.com/products/handcrafted-copper-pet-bowl-luxury-pet-dish,
"Türk kahvesi seven birine hediye arıyorum, stokta olsun",2026-08-12T11:22:25.207599+00:00,10125256261943,"Handmade Adjustable Solid Copper & Brass Cuff Bracelet, Color Mocha Mouse",49.0,https://alfiqcopper.com/products/handcrafted-braided-pure-copper-cuff-bracelet-with-brass-ends-copy,
"Türk kahvesi seven birine hediye arıyorum, stokta olsun",2026-08-12T11:22:25.207599+00:00,9669338300727,Handmade Matte Copper Pendant Light – Timeless Elegance in a Hand-Hammered Finish,189.0,https://alfiqcopper.com/products/handmade-matte-copper-pendant-light,
"Türk kahvesi seven birine hediye arıyorum, stokta olsun",2026-08-12T11:22:25.207599+00:00,9942872031543,"Handmade Pure Copper Pumpkin Decor with Hanger | Decorative Housewarming Copper Ornaments 4"" x 4""",109.0,https://alfiqcopper.com/products/handmade-copper-pumpkin-decor-with-hanger-decorative-housewarming-copper-ornaments-4-x-4-copy,
"Türk kahvesi seven birine hediye arıyorum, stokta olsun",2026-08-12T11:22:25.207599+00:00,9942873243959,"Handmade Dark Copper Pumpkin Decor with Hanger | Decorative Housewarming Copper Ornaments 4"" x 4""",109.0,https://alfiqcopper.com/products/handmade-copper-pumpkin-decor-with-hanger-decorative-housewarming-copper-ornaments-4-x-4-copy-1,
"Türk kahvesi seven birine hediye arıyorum, stokta olsun",2026-08-12T11:22:25.207599+00:00,9952315638071,Handcrafted Copper Oil Lamp and Candle Set of 2 | Handmade Solid Copper Lantern,139.0,https://alfiqcopper.com/products/handcrafted-copper-oil-lamp-and-candle-set-of-2-handmade-solid-copper-lantern-copy,
